<?xml version="1.0" encoding="UTF-8"?>
<!DOCTYPE struts PUBLIC
	"-//Apache Software Foundation//DTD Struts Configuration 2.5//EN"
	"http://struts.apache.org/dtds/struts-2.5.dtd">

<struts>
	<package name="default" extends="struts-default">
		<action name="register" class="com.tapan.action.RegisterAction">
			<result name="REGISTER">/registration.jsp</result>
			<result name="success">/thankyou.jsp</result>
			<result name="error">/error.jsp</result>
		</action>
		<action name="login" class="com.tapan.action.LoginAction">
			<result name="success">/home.jsp</result>
			<result name="error">/login.jsp</result>
		</action>
		<action name="profile" class="com.tapan.action.ProfileAction">
			<result name="success">/view-profile.jsp</result>
			<result name="error">/login.jsp</result>
		</action>
		<action name="updates" class="com.tapan.action.UpdateProAction">
			<result name="updated">/update-profile.jsp</result>
		</action>
		<action name="forgot" class="com.tapan.action.MailAction">
			<result name="success">/account.jsp</result>
			<result name="error">/forget.jsp</result>
		</action>
		<action name="search" class="com.tapan.action.SearchAction">
			<result name="searchlist">/search-list.jsp</result>		
		</action>
		<action name="public" class="com.tapan.action.ProfileAction">
			<result name="success">/public.jsp</result>
			<result name="error">/error.jsp</result>
		</action>
		<action name="adlogin" class="com.tapan.action.AdminLogin">
			<result name="success">/adhome.jsp</result>
			<result name="error">/error.jsp</result>
		</action>
		<action name="admsearch" class="com.tapan.action.SearchAction">
			<result name="searchlist">/search-ad-list.jsp</result>		
		</action>
		<action name="publicad" class="com.tapan.action.ProfileAction">
			<result name="success">/public-ad.jsp</result>
			<result name="error">/error.jsp</result>
		</action>
		<action name="deleted" class="com.tapan.action.DeleteAction">
			<result name="delete">/public-ad.jsp</result>
		</action>
	</package>
</struts>
